condition_id,condition_key,primer,material,sieving,coating_method,test_type,cycle,spray_cycle
COND-15e79ddcd4,500C|PDMS|unknown|spray|abrasion|0|sprayna,PDMS,500C,unknown,spray,abrasion,0.0,
COND-59a2c74dc1,500C|PDMS|unknown|spray|abrasion|1|sprayna,PDMS,500C,unknown,spray,abrasion,1.0,
COND-0eccc20104,500C|PDMS|unknown|spray|abrasion|2|sprayna,PDMS,500C,unknown,spray,abrasion,2.0,
COND-e764222b0d,500C|PDMS|unknown|spray|abrasion|3|sprayna,PDMS,500C,unknown,spray,abrasion,3.0,
COND-e849215aa9,500C|PDMS|unknown|spray|abrasion|4|sprayna,PDMS,500C,unknown,spray,abrasion,4.0,
COND-180a5ab02c,500C|PDMS|unknown|spray|abrasion|5|sprayna,PDMS,500C,unknown,spray,abrasion,5.0,
COND-463477fd16,500C|PDMS|unknown|spray|tape|0|sprayna,PDMS,500C,unknown,spray,tape,0.0,
COND-2c8ee0c31d,500C|PDMS|unknown|spray|tape|1|sprayna,PDMS,500C,unknown,spray,tape,1.0,
COND-19a2e38d1d,500C|PDMS|unknown|spray|tape|2|sprayna,PDMS,500C,unknown,spray,tape,2.0,
COND-ea2a6cd124,500C|PDMS|unknown|spray|tape|3|sprayna,PDMS,500C,unknown,spray,tape,3.0,
COND-48f8a6be87,500C|PDMS|unknown|spray|tape|4|sprayna,PDMS,500C,unknown,spray,tape,4.0,
COND-2e590d2650,500C|PDMS|unknown|spray|tape|5|sprayna,PDMS,500C,unknown,spray,tape,5.0,
COND-e9323ac3c7,500C|PUR|unknown|spray|abrasion|0|sprayna,PUR,500C,unknown,spray,abrasion,0.0,
COND-fbecc00459,500C|PUR|unknown|spray|abrasion|1|sprayna,PUR,500C,unknown,spray,abrasion,1.0,
COND-0145fbd456,500C|PUR|unknown|spray|abrasion|2|sprayna,PUR,500C,unknown,spray,abrasion,2.0,
COND-fcc5eca749,500C|PUR|unknown|spray|abrasion|3|sprayna,PUR,500C,unknown,spray,abrasion,3.0,
COND-74728bd7f8,500C|PUR|unknown|spray|abrasion|4|sprayna,PUR,500C,unknown,spray,abrasion,4.0,
COND-15f5a038d1,500C|PUR|unknown|spray|abrasion|5|sprayna,PUR,500C,unknown,spray,abrasion,5.0,
COND-29a199a899,500C|PUR|unknown|spray|tape|0|sprayna,PUR,500C,unknown,spray,tape,0.0,
COND-672ecfea33,500C|PUR|unknown|spray|tape|1|sprayna,PUR,500C,unknown,spray,tape,1.0,
COND-0a24816b20,500C|PUR|unknown|spray|tape|2|sprayna,PUR,500C,unknown,spray,tape,2.0,
COND-48d5b75cdf,500C|PUR|unknown|spray|tape|3|sprayna,PUR,500C,unknown,spray,tape,3.0,
COND-bc7ab8ada5,500C|PUR|unknown|spray|tape|4|sprayna,PUR,500C,unknown,spray,tape,4.0,
COND-3ad1afa14a,500C|PUR|unknown|spray|tape|5|sprayna,PUR,500C,unknown,spray,tape,5.0,
COND-3f3eb1978f,900C|PDMS|unknown|spray|abrasion|0|sprayna,PDMS,900C,unknown,spray,abrasion,0.0,
COND-d3813f65a5,900C|PDMS|unknown|spray|abrasion|10|sprayna,PDMS,900C,unknown,spray,abrasion,10.0,
COND-312ee205a8,900C|PDMS|unknown|spray|abrasion|15|sprayna,PDMS,900C,unknown,spray,abrasion,15.0,
COND-10904539d4,900C|PDMS|unknown|spray|abrasion|1|sprayna,PDMS,900C,unknown,spray,abrasion,1.0,
COND-bf46657ebe,900C|PDMS|unknown|spray|abrasion|20|sprayna,PDMS,900C,unknown,spray,abrasion,20.0,
COND-7b143af78e,900C|PDMS|unknown|spray|abrasion|2|sprayna,PDMS,900C,unknown,spray,abrasion,2.0,
COND-9d4c995f75,900C|PDMS|unknown|spray|abrasion|3|sprayna,PDMS,900C,unknown,spray,abrasion,3.0,
COND-7ab690544a,900C|PDMS|unknown|spray|abrasion|4|sprayna,PDMS,900C,unknown,spray,abrasion,4.0,
COND-7087ce1f06,900C|PDMS|unknown|spray|abrasion|5|sprayna,PDMS,900C,unknown,spray,abrasion,5.0,
COND-34d3363ca5,900C|PDMS|unknown|spray|tape|0|sprayna,PDMS,900C,unknown,spray,tape,0.0,
COND-163b70695d,900C|PDMS|unknown|spray|tape|10|sprayna,PDMS,900C,unknown,spray,tape,10.0,
COND-ab2073106d,900C|PDMS|unknown|spray|tape|1|sprayna,PDMS,900C,unknown,spray,tape,1.0,
COND-9f101422c5,900C|PDMS|unknown|spray|tape|2|sprayna,PDMS,900C,unknown,spray,tape,2.0,
COND-b4888eef71,900C|PDMS|unknown|spray|tape|3|sprayna,PDMS,900C,unknown,spray,tape,3.0,
COND-7f9b5c1534,900C|PDMS|unknown|spray|tape|4|sprayna,PDMS,900C,unknown,spray,tape,4.0,
COND-db3b2a3d64,900C|PDMS|unknown|spray|tape|5|sprayna,PDMS,900C,unknown,spray,tape,5.0,
COND-83538a6e07,900C|PUR|unknown|spray|abrasion|0|sprayna,PUR,900C,unknown,spray,abrasion,0.0,
COND-352a2bdfea,900C|PUR|unknown|spray|abrasion|10|sprayna,PUR,900C,unknown,spray,abrasion,10.0,
COND-f10af6c8ba,900C|PUR|unknown|spray|abrasion|15|sprayna,PUR,900C,unknown,spray,abrasion,15.0,
COND-b866c77dbd,900C|PUR|unknown|spray|abrasion|1|sprayna,PUR,900C,unknown,spray,abrasion,1.0,
COND-01fc67283a,900C|PUR|unknown|spray|abrasion|20|sprayna,PUR,900C,unknown,spray,abrasion,20.0,
COND-da04e66b7e,900C|PUR|unknown|spray|abrasion|2|sprayna,PUR,900C,unknown,spray,abrasion,2.0,
COND-b5eea0489b,900C|PUR|unknown|spray|abrasion|3|sprayna,PUR,900C,unknown,spray,abrasion,3.0,
COND-e9e090c3ed,900C|PUR|unknown|spray|abrasion|4|sprayna,PUR,900C,unknown,spray,abrasion,4.0,
COND-bde8c97cdc,900C|PUR|unknown|spray|abrasion|5|sprayna,PUR,900C,unknown,spray,abrasion,5.0,
COND-1de9807bc4,900C|PUR|unknown|spray|tape|0|sprayna,PUR,900C,unknown,spray,tape,0.0,
COND-ea433a1987,900C|PUR|unknown|spray|tape|10|sprayna,PUR,900C,unknown,spray,tape,10.0,
COND-343fb53f10,900C|PUR|unknown|spray|tape|15|sprayna,PUR,900C,unknown,spray,tape,15.0,
COND-ee0e2b362d,900C|PUR|unknown|spray|tape|1|sprayna,PUR,900C,unknown,spray,tape,1.0,
COND-b77c1999ce,900C|PUR|unknown|spray|tape|2|sprayna,PUR,900C,unknown,spray,tape,2.0,
COND-1c22f74aaa,900C|PUR|unknown|spray|tape|3|sprayna,PUR,900C,unknown,spray,tape,3.0,
COND-d9aafb5fac,900C|PUR|unknown|spray|tape|4|sprayna,PUR,900C,unknown,spray,tape,4.0,
COND-eb61063bcd,900C|PUR|unknown|spray|tape|5|sprayna,PUR,900C,unknown,spray,tape,5.0,
COND-c870fe0083,base|PDMS|sieved|spray|none|na|sprayna,PDMS,base,sieved,spray,none,,
COND-c77f15433f,base|PDMS|unsieved|spray|none|na|sprayna,PDMS,base,unsieved,spray,none,,
COND-5c33bae2e0,base|PUR|sieved|spray|none|na|sprayna,PUR,base,sieved,spray,none,,
COND-898124971f,base|PUR|unsieved|spray|none|na|sprayna,PUR,base,unsieved,spray,none,,
COND-c633d60758,base|unknown|unknown|dip|none|na|sprayna,unknown,base,unknown,dip,none,,
COND-496076e4a2,base|unknown|unknown|spray|none|na|spray1,unknown,base,unknown,spray,none,,1.0
COND-b06fa12db0,base|unknown|unknown|spray|none|na|spray2,unknown,base,unknown,spray,none,,2.0
COND-31094b47e4,base|unknown|unknown|spray|none|na|spray3,unknown,base,unknown,spray,none,,3.0
COND-2d166d7240,base|unknown|unknown|spray|none|na|sprayna,unknown,base,unknown,spray,none,,
COND-37100e3eb8,base|unknown|unknown|unknown|none|na|sprayna,unknown,base,unknown,unknown,none,,
COND-128e35fdd7,binder|PUR|unknown|spray|none|na|sprayna,PUR,binder,unknown,spray,none,,
COND-aa1d84b599,binder|PUR|unknown|spray|tape|25|sprayna,PUR,binder,unknown,spray,tape,25.0,
COND-b65b0cdf11,binder|unknown|unknown|unknown|none|na|sprayna,unknown,binder,unknown,unknown,none,,
COND-cd61e4700f,unsintered|PDMS|unknown|spray|abrasion|0|sprayna,PDMS,unsintered,unknown,spray,abrasion,0.0,
COND-bb480c86fc,unsintered|PDMS|unknown|spray|abrasion|1|sprayna,PDMS,unsintered,unknown,spray,abrasion,1.0,
COND-04a402c9a8,unsintered|PDMS|unknown|spray|abrasion|2|sprayna,PDMS,unsintered,unknown,spray,abrasion,2.0,
COND-1d25c14689,unsintered|PDMS|unknown|spray|abrasion|3|sprayna,PDMS,unsintered,unknown,spray,abrasion,3.0,
COND-f92b9e52b0,unsintered|PDMS|unknown|spray|abrasion|4|sprayna,PDMS,unsintered,unknown,spray,abrasion,4.0,
COND-8f7d73de7f,unsintered|PDMS|unknown|spray|abrasion|5|sprayna,PDMS,unsintered,unknown,spray,abrasion,5.0,
COND-15d3d79641,unsintered|PDMS|unknown|spray|tape|0|sprayna,PDMS,unsintered,unknown,spray,tape,0.0,
COND-6c7234361f,unsintered|PDMS|unknown|spray|tape|1|sprayna,PDMS,unsintered,unknown,spray,tape,1.0,
COND-dead526ee7,unsintered|PDMS|unknown|spray|tape|2|sprayna,PDMS,unsintered,unknown,spray,tape,2.0,
COND-c255bb9493,unsintered|PDMS|unknown|spray|tape|3|sprayna,PDMS,unsintered,unknown,spray,tape,3.0,
COND-2662028e42,unsintered|PDMS|unknown|spray|tape|4|sprayna,PDMS,unsintered,unknown,spray,tape,4.0,
COND-a7fc27d555,unsintered|PDMS|unknown|spray|tape|5|sprayna,PDMS,unsintered,unknown,spray,tape,5.0,
COND-54f8fda123,unsintered|PUR|unknown|spray|abrasion|0|sprayna,PUR,unsintered,unknown,spray,abrasion,0.0,
COND-5ca5cbd207,unsintered|PUR|unknown|spray|abrasion|1|sprayna,PUR,unsintered,unknown,spray,abrasion,1.0,
COND-bc8aeb9f36,unsintered|PUR|unknown|spray|abrasion|2|sprayna,PUR,unsintered,unknown,spray,abrasion,2.0,
COND-a6b86e862e,unsintered|PUR|unknown|spray|abrasion|3|sprayna,PUR,unsintered,unknown,spray,abrasion,3.0,
COND-61cfaacdbf,unsintered|PUR|unknown|spray|abrasion|4|sprayna,PUR,unsintered,unknown,spray,abrasion,4.0,
COND-8d1f7de70c,unsintered|PUR|unknown|spray|abrasion|5|sprayna,PUR,unsintered,unknown,spray,abrasion,5.0,
COND-e5ead496c6,unsintered|PUR|unknown|spray|tape|0|sprayna,PUR,unsintered,unknown,spray,tape,0.0,
COND-1e8d096144,unsintered|PUR|unknown|spray|tape|1|sprayna,PUR,unsintered,unknown,spray,tape,1.0,
COND-0b63a03cc3,unsintered|PUR|unknown|spray|tape|2|sprayna,PUR,unsintered,unknown,spray,tape,2.0,
COND-4c44ef94a3,unsintered|PUR|unknown|spray|tape|3|sprayna,PUR,unsintered,unknown,spray,tape,3.0,
COND-2e7b0569cd,unsintered|PUR|unknown|spray|tape|4|sprayna,PUR,unsintered,unknown,spray,tape,4.0,
COND-35893b5480,unsintered|PUR|unknown|spray|tape|5|sprayna,PUR,unsintered,unknown,spray,tape,5.0,
