property_measurement_id,condition_id,coupon_id,coupon_id_status,condition_key,relative_path,contact_angle_deg,contact_angle_sd_deg,n_contact_angle,contact_angle_value_source,hysteresis_deg,rolloff_angle_deg,pinning_fraction
PROP-0ae980c63f,COND-2d166d7240,,not_provided_by_source,base|unknown|unknown|spray|none|na|sprayna,Figure 3/Contact angle_ hysteresis_roll-off angle.xlsx,153.92000000000002,0.9444907310066368,5,reported_CA_Stabw,1.3461480636315837,5.0,
PROP-a4c31293c8,COND-c870fe0083,,not_provided_by_source,base|PDMS|sieved|spray|none|na|sprayna,Figure 4/Sieved SP contact angle and pinning fraction.xlsx,151.63,0.7345046655973397,5,reported_CA_Stabw,,,1.0
PROP-c0feeb9743,COND-c77f15433f,,not_provided_by_source,base|PDMS|unsieved|spray|none|na|sprayna,Figure 4/Unsieved SP contact angle_hysteresis_ pinning fraction.xlsx,153.49,0.6389760849740129,5,reported_CA_Stabw,1.7924277461278493,,0.0
PROP-28d7302e8b,COND-15e79ddcd4,,not_provided_by_source,500C|PDMS|unknown|spray|abrasion|0|sprayna,Figure 5/500C SP coatings_abrasion and tape tesing_wetting data/500C SP_Abrasion test cycle_0_wetting data.xlsx,152.76,1.6927205709370692,10,reported_CA_Stabw,2.635206402061692,5.0,0.0
PROP-38562b9edd,COND-59a2c74dc1,,not_provided_by_source,500C|PDMS|unknown|spray|abrasion|1|sprayna,Figure 5/500C SP coatings_abrasion and tape tesing_wetting data/500C SP_Abrasion test cycle_1_wetting data.xlsx,152.875,2.201673836449725,10,reported_CA_Stabw,2.3003589437338974,6.0,0.2
PROP-364187edc2,COND-0eccc20104,,not_provided_by_source,500C|PDMS|unknown|spray|abrasion|2|sprayna,Figure 5/500C SP coatings_abrasion and tape tesing_wetting data/500C SP_Abrasion test cycle_2_wetting data.xlsx,150.94,2.339484340073441,10,reported_CA_Stabw,3.8133099159036714,7.0,0.3
PROP-a467a6cc29,COND-e764222b0d,,not_provided_by_source,500C|PDMS|unknown|spray|abrasion|3|sprayna,Figure 5/500C SP coatings_abrasion and tape tesing_wetting data/500C SP_Abrasion test cycle_3_wetting data.xlsx,149.675,2.217251962868489,10,reported_CA_Stabw,,11.0,0.8
PROP-058274c120,COND-e849215aa9,,not_provided_by_source,500C|PDMS|unknown|spray|abrasion|4|sprayna,Figure 5/500C SP coatings_abrasion and tape tesing_wetting data/500C SP_Abrasion test cycle_4_wetting data.xlsx,145.98333333333332,3.049605378945859,10,reported_CA_Stabw,,18.0,1.0
PROP-cb92e2478a,COND-180a5ab02c,,not_provided_by_source,500C|PDMS|unknown|spray|abrasion|5|sprayna,Figure 5/500C SP coatings_abrasion and tape tesing_wetting data/500C SP_Abrasion test cycle_5_wetting data.xlsx,145.70999999999998,1.1661723815095897,10,reported_CA_Stabw,,,1.0
PROP-0285df0b5d,COND-463477fd16,,not_provided_by_source,500C|PDMS|unknown|spray|tape|0|sprayna,Figure 5/500C SP coatings_abrasion and tape tesing_wetting data/500C SP_Tape test cycle_0_wetting data.xlsx,154.0,1.5319217601684625,5,reported_CA_Stabw,3.372291512824072,5.0,0.0
PROP-682e9047ec,COND-2c8ee0c31d,,not_provided_by_source,500C|PDMS|unknown|spray|tape|1|sprayna,Figure 5/500C SP coatings_abrasion and tape tesing_wetting data/500C SP_Tape test cycle_1_wetting data.xlsx,152.67000000000002,1.8120498957444853,5,reported_CA_Stabw,4.703726370788426,7.0,0.3
PROP-66de4f49ad,COND-19a2e38d1d,,not_provided_by_source,500C|PDMS|unknown|spray|tape|2|sprayna,Figure 5/500C SP coatings_abrasion and tape tesing_wetting data/500C SP_Tape test cycle_2_wetting data.xlsx,151.2,1.133463662985965,5,reported_CA_Stabw,4.281491393190379,10.0,0.5
PROP-bc55e587e7,COND-ea2a6cd124,,not_provided_by_source,500C|PDMS|unknown|spray|tape|3|sprayna,Figure 5/500C SP coatings_abrasion and tape tesing_wetting data/500C SP_Tape test cycle_3_wetting data.xlsx,143.82999999999998,2.203638104469712,5,reported_CA_Stabw,,,1.0
PROP-d40d3d0708,COND-48f8a6be87,,not_provided_by_source,500C|PDMS|unknown|spray|tape|4|sprayna,Figure 5/500C SP coatings_abrasion and tape tesing_wetting data/500C SP_Tape test cycle_4_wetting data.xlsx,142.82,2.281376124461958,5,reported_CA_Stabw,,,1.0
PROP-cc0f31b698,COND-2e590d2650,,not_provided_by_source,500C|PDMS|unknown|spray|tape|5|sprayna,Figure 5/500C SP coatings_abrasion and tape tesing_wetting data/500C SP_Tape test cycle_5_wetting data.xlsx,140.48000000000002,1.379169899283193,5,reported_CA_Stabw,,,1.0
PROP-95f6159704,COND-3f3eb1978f,,not_provided_by_source,900C|PDMS|unknown|spray|abrasion|0|sprayna,Figure 5/900C SP coatings_abrasion and tape tesing_wetting data/Cycle 0/Abrasion.xlsx,155.29000000000002,2.497960648501661,10,reported_CA_Stabw,2.997711396546918,5.0,0.0
PROP-e32866ba92,COND-34d3363ca5,,not_provided_by_source,900C|PDMS|unknown|spray|tape|0|sprayna,Figure 5/900C SP coatings_abrasion and tape tesing_wetting data/Cycle 0/Tape.xlsx,153.49,0.6389760849740129,5,reported_CA_Stabw,1.4984218648473018,5.0,0.0
PROP-35cd008beb,COND-10904539d4,,not_provided_by_source,900C|PDMS|unknown|spray|abrasion|1|sprayna,Figure 5/900C SP coatings_abrasion and tape tesing_wetting data/Cycle 1/Abrasion.xlsx,155.395,1.4758223130135242,10,reported_CA_Stabw,1.0261535942128035,5.0,0.0
PROP-6f15961cf3,COND-ab2073106d,,not_provided_by_source,900C|PDMS|unknown|spray|tape|1|sprayna,Figure 5/900C SP coatings_abrasion and tape tesing_wetting data/Cycle 1/Tape.xlsx,154.68,1.7829788362357948,5,reported_CA_Stabw,1.1474396519373231,5.0,0.0
PROP-ffb7960ff3,COND-d3813f65a5,,not_provided_by_source,900C|PDMS|unknown|spray|abrasion|10|sprayna,Figure 5/900C SP coatings_abrasion and tape tesing_wetting data/Cycle 10/Abrasion.xlsx,151.185,1.4402648331960148,10,reported_CA_Stabw,,10.0,1.0
PROP-950e0b3ea9,COND-163b70695d,,not_provided_by_source,900C|PDMS|unknown|spray|tape|10|sprayna,Figure 5/900C SP coatings_abrasion and tape tesing_wetting data/Cycle 10/Tape.xlsx,137.16,7.15615120019135,5,computed_static_replicates,,,1.0
PROP-a55c81dbf6,COND-312ee205a8,,not_provided_by_source,900C|PDMS|unknown|spray|abrasion|15|sprayna,Figure 5/900C SP coatings_abrasion and tape tesing_wetting data/Cycle 15/Abrasion.xlsx,150.9,1.4957346764123018,10,computed_static_replicates,,14.0,1.0
PROP-73d01e1467,COND-7b143af78e,,not_provided_by_source,900C|PDMS|unknown|spray|abrasion|2|sprayna,Figure 5/900C SP coatings_abrasion and tape tesing_wetting data/Cycle 2/Abrasion.xlsx,154.89999999999998,0.9269587443534624,10,reported_CA_Stabw,2.6456632774054185,5.0,0.1
PROP-2a9ae70c8a,COND-9f101422c5,,not_provided_by_source,900C|PDMS|unknown|spray|tape|2|sprayna,Figure 5/900C SP coatings_abrasion and tape tesing_wetting data/Cycle 2/Tape.xlsx,154.73999999999998,2.242180452546948,5,reported_CA_Stabw,1.6779706790123232,5.0,0.0
PROP-d8c00baa95,COND-bf46657ebe,,not_provided_by_source,900C|PDMS|unknown|spray|abrasion|20|sprayna,Figure 5/900C SP coatings_abrasion and tape tesing_wetting data/Cycle 20/Abrasion.xlsx,142.41,1.0524574417365642,10,computed_static_replicates,,,1.0
PROP-82e12c1e5a,COND-9d4c995f75,,not_provided_by_source,900C|PDMS|unknown|spray|abrasion|3|sprayna,Figure 5/900C SP coatings_abrasion and tape tesing_wetting data/Cycle 3/Abrasion.xlsx,153.875,0.8697636200129797,10,reported_CA_Stabw,2.5789683054442323,5.0,0.2
PROP-b46828a9b4,COND-b4888eef71,,not_provided_by_source,900C|PDMS|unknown|spray|tape|3|sprayna,Figure 5/900C SP coatings_abrasion and tape tesing_wetting data/Cycle 3/Tape.xlsx,150.17,1.1952661717349418,5,reported_CA_Stabw,1.208607251603932,5.0,0.1
PROP-76e100642c,COND-7ab690544a,,not_provided_by_source,900C|PDMS|unknown|spray|abrasion|4|sprayna,Figure 5/900C SP coatings_abrasion and tape tesing_wetting data/Cycle 4/Abrasion.xlsx,152.48,1.3681608695452436,10,reported_CA_Stabw,1.97698620940904,5.0,0.7
PROP-8c9f6060e2,COND-7f9b5c1534,,not_provided_by_source,900C|PDMS|unknown|spray|tape|4|sprayna,Figure 5/900C SP coatings_abrasion and tape tesing_wetting data/Cycle 4/Tape.xlsx,147.51000000000002,3.008671735121043,6,reported_CA_Stabw,2.3766405878905723,5.0,0.4
PROP-9f7b52b437,COND-7087ce1f06,,not_provided_by_source,900C|PDMS|unknown|spray|abrasion|5|sprayna,Figure 5/900C SP coatings_abrasion and tape tesing_wetting data/Cycle 5/Abrasion.xlsx,150.58500000000004,1.726143889144121,10,reported_CA_Stabw,,8.0,1.0
PROP-fdb6dc419a,COND-db3b2a3d64,,not_provided_by_source,900C|PDMS|unknown|spray|tape|5|sprayna,Figure 5/900C SP coatings_abrasion and tape tesing_wetting data/Cycle 5/Tape.xlsx,146.24,4.695414658367435,5,reported_CA_Stabw,,7.0,1.0
PROP-55796407fb,COND-cd61e4700f,,not_provided_by_source,unsintered|PDMS|unknown|spray|abrasion|0|sprayna,Figure 5/Unsintered SP coating_abrasion and tape tesing_wetting data/No calcination_Abrasion test cycle_0_wetting data.xlsx,151.955,1.1739862874916605,10,reported_CA_Stabw,3.794839529960973,5.0,0.0
PROP-05057d9f3e,COND-bb480c86fc,,not_provided_by_source,unsintered|PDMS|unknown|spray|abrasion|1|sprayna,Figure 5/Unsintered SP coating_abrasion and tape tesing_wetting data/No calcination_Abrasion test cycle_1_wetting data.xlsx,152.125,1.4240940642163302,10,reported_CA_Stabw,2.632781608132018,6.0,0.1
PROP-da4d4ecf31,COND-04a402c9a8,,not_provided_by_source,unsintered|PDMS|unknown|spray|abrasion|2|sprayna,Figure 5/Unsintered SP coating_abrasion and tape tesing_wetting data/No calcination_Abrasion test cycle_2_wetting data.xlsx,149.70499999999998,2.028933181649708,10,reported_CA_Stabw,,12.0,1.0
PROP-01b8c81bee,COND-1d25c14689,,not_provided_by_source,unsintered|PDMS|unknown|spray|abrasion|3|sprayna,Figure 5/Unsintered SP coating_abrasion and tape tesing_wetting data/No calcination_Abrasion test cycle_3_wetting data.xlsx,143.78000000000003,4.190195332248179,10,reported_CA_Stabw,,17.0,1.0
PROP-8a4883fb22,COND-f92b9e52b0,,not_provided_by_source,unsintered|PDMS|unknown|spray|abrasion|4|sprayna,Figure 5/Unsintered SP coating_abrasion and tape tesing_wetting data/No calcination_Abrasion test cycle_4_wetting data.xlsx,145.04,1.601296428961566,10,reported_CA_Stabw,,,1.0
PROP-987fadfc41,COND-8f7d73de7f,,not_provided_by_source,unsintered|PDMS|unknown|spray|abrasion|5|sprayna,Figure 5/Unsintered SP coating_abrasion and tape tesing_wetting data/No calcination_Abrasion test cycle_5_wetting data.xlsx,143.73000000000002,1.307006248737946,10,reported_CA_Stabw,,,1.0
PROP-a90211fbe8,COND-15d3d79641,,not_provided_by_source,unsintered|PDMS|unknown|spray|tape|0|sprayna,Figure 5/Unsintered SP coating_abrasion and tape tesing_wetting data/No calcination_Tape test cycle_0_wetting data.xlsx,153.26999999999998,1.7866169147301816,5,reported_CA_Stabw,2.374811512680964,5.0,0.0
PROP-8a0da27d05,COND-6c7234361f,,not_provided_by_source,unsintered|PDMS|unknown|spray|tape|1|sprayna,Figure 5/Unsintered SP coating_abrasion and tape tesing_wetting data/No calcination_Tape test cycle_1_wetting data.xlsx,148.54,2.57376791504588,5,reported_CA_Stabw,,11.0,0.7
PROP-185c0fc2f7,COND-dead526ee7,,not_provided_by_source,unsintered|PDMS|unknown|spray|tape|2|sprayna,Figure 5/Unsintered SP coating_abrasion and tape tesing_wetting data/No calcination_Tape test cycle_2_wetting data.xlsx,143.26999999999998,4.54129457066924,5,reported_CA_Stabw,,,1.0
PROP-359fb8bfe6,COND-c255bb9493,,not_provided_by_source,unsintered|PDMS|unknown|spray|tape|3|sprayna,Figure 5/Unsintered SP coating_abrasion and tape tesing_wetting data/No calcination_Tape test cycle_3_wetting data.xlsx,141.64,1.7372712297266588,5,reported_CA_Stabw,,,1.0
PROP-340b17404b,COND-2662028e42,,not_provided_by_source,unsintered|PDMS|unknown|spray|tape|4|sprayna,Figure 5/Unsintered SP coating_abrasion and tape tesing_wetting data/No calcination_Tape test cycle_4_wetting data.xlsx,141.46,0.6190302306637745,5,reported_CA_Stabw,,,1.0
PROP-78209bcbdd,COND-a7fc27d555,,not_provided_by_source,unsintered|PDMS|unknown|spray|tape|5|sprayna,Figure 5/Unsintered SP coating_abrasion and tape tesing_wetting data/No calcination_Tape test cycle_5_wetting data.xlsx,141.96000000000004,0.8397313625077556,5,reported_CA_Stabw,,,1.0
PROP-f0488751b9,COND-e9323ac3c7,,not_provided_by_source,500C|PUR|unknown|spray|abrasion|0|sprayna,Figure 6/500C SP coatings_abrasion and tape tesing_wetting data/500C SP_Abrasion test cycle_0_wetting data.xlsx,152.685,1.444891978911577,10,reported_CA_Stabw,1.2838796662550125,5.0,0.0
PROP-f08cee5aa2,COND-fbecc00459,,not_provided_by_source,500C|PUR|unknown|spray|abrasion|1|sprayna,Figure 6/500C SP coatings_abrasion and tape tesing_wetting data/500C SP_Abrasion test cycle_1_wetting data.xlsx,150.935,1.6241290625989513,10,reported_CA_Stabw,3.7796002559469457,5.0,0.0
PROP-89d7613c4b,COND-0145fbd456,,not_provided_by_source,500C|PUR|unknown|spray|abrasion|2|sprayna,Figure 6/500C SP coatings_abrasion and tape tesing_wetting data/500C SP_Abrasion test cycle_2_wetting data.xlsx,152.56,1.4221262581742362,10,reported_CA_Stabw,2.2912677602786173,6.0,0.2
PROP-5bf70dcb17,COND-fcc5eca749,,not_provided_by_source,500C|PUR|unknown|spray|abrasion|3|sprayna,Figure 6/500C SP coatings_abrasion and tape tesing_wetting data/500C SP_Abrasion test cycle_3_wetting data.xlsx,152.18,1.7702270210040854,10,reported_CA_Stabw,1.1120794075205993,8.0,0.6
PROP-bc854e0fd3,COND-74728bd7f8,,not_provided_by_source,500C|PUR|unknown|spray|abrasion|4|sprayna,Figure 6/500C SP coatings_abrasion and tape tesing_wetting data/500C SP_Abrasion test cycle_4_wetting data.xlsx,148.715,5.084734667031151,10,reported_CA_Stabw,,16.0,1.0
PROP-26fe66d340,COND-15f5a038d1,,not_provided_by_source,500C|PUR|unknown|spray|abrasion|5|sprayna,Figure 6/500C SP coatings_abrasion and tape tesing_wetting data/500C SP_Abrasion test cycle_5_wetting data.xlsx,147.89,2.7713487918726365,10,reported_CA_Stabw,,,1.0
PROP-362c6d201d,COND-29a199a899,,not_provided_by_source,500C|PUR|unknown|spray|tape|0|sprayna,Figure 6/500C SP coatings_abrasion and tape tesing_wetting data/500C SP_Tape test cycle_0_wetting data.xlsx,151.74,1.331339969203051,5,reported_CA_Stabw,0.4997710075667025,5.0,0.0
PROP-87efd6f7f2,COND-672ecfea33,,not_provided_by_source,500C|PUR|unknown|spray|tape|1|sprayna,Figure 6/500C SP coatings_abrasion and tape tesing_wetting data/500C SP_Tape test cycle_1_wetting data.xlsx,151.74,1.33134,5,reported_CA_Stabw,4.411051373954592,6.0,0.1
PROP-4e43fa6307,COND-0a24816b20,,not_provided_by_source,500C|PUR|unknown|spray|tape|2|sprayna,Figure 6/500C SP coatings_abrasion and tape tesing_wetting data/500C SP_Tape test cycle_2_wetting data.xlsx,151.1,1.184215007133,5,reported_CA_Stabw,1.0750256258824702,8.0,0.4
PROP-fff5e9b463,COND-48d5b75cdf,,not_provided_by_source,500C|PUR|unknown|spray|tape|3|sprayna,Figure 6/500C SP coatings_abrasion and tape tesing_wetting data/500C SP_Tape test cycle_3_wetting data.xlsx,148.07999999999998,2.5965336783040853,5,reported_CA_Stabw,,11.0,1.0
PROP-f01a8441f3,COND-bc7ab8ada5,,not_provided_by_source,500C|PUR|unknown|spray|tape|4|sprayna,Figure 6/500C SP coatings_abrasion and tape tesing_wetting data/500C SP_Tape test cycle_4_wetting data.xlsx,144.29000000000002,3.541498894978578,5,reported_CA_Stabw,,17.0,1.0
PROP-ef2f693a1b,COND-3ad1afa14a,,not_provided_by_source,500C|PUR|unknown|spray|tape|5|sprayna,Figure 6/500C SP coatings_abrasion and tape tesing_wetting data/500C SP_Tape test cycle_5_wetting data.xlsx,143.1,3.1570751664005843,5,reported_CA_Stabw,,,1.0
PROP-2f5a735f22,COND-83538a6e07,,not_provided_by_source,900C|PUR|unknown|spray|abrasion|0|sprayna,Figure 6/900C SP coatings_abrasion and tape tesing_wetting data/Cycle 0/Abrasion.xlsx,154.46,1.5111168224124754,10,reported_CA_Stabw,1.2123544657097227,5.0,0.0
PROP-af5ea91f79,COND-1de9807bc4,,not_provided_by_source,900C|PUR|unknown|spray|tape|0|sprayna,Figure 6/900C SP coatings_abrasion and tape tesing_wetting data/Cycle 0/Tape.xlsx,153.14999999999998,0.7598469541909326,5,reported_CA_Stabw,0.9322278062943118,5.0,0.0
PROP-fed17723e0,COND-b866c77dbd,,not_provided_by_source,900C|PUR|unknown|spray|abrasion|1|sprayna,Figure 6/900C SP coatings_abrasion and tape tesing_wetting data/Cycle 1/Abrasion.xlsx,152.985,1.150499357646238,10,reported_CA_Stabw,1.103155197336497,5.0,0.0
PROP-dd32d0d340,COND-ee0e2b362d,,not_provided_by_source,900C|PUR|unknown|spray|tape|1|sprayna,Figure 6/900C SP coatings_abrasion and tape tesing_wetting data/Cycle 1/Tape.xlsx,152.85,2.409757480909556,5,reported_CA_Stabw,1.9958266670031437,5.0,0.0
PROP-b00b47ac08,COND-352a2bdfea,,not_provided_by_source,900C|PUR|unknown|spray|abrasion|10|sprayna,Figure 6/900C SP coatings_abrasion and tape tesing_wetting data/Cycle 10/Abrasion.xlsx,137.985,4.896871330759351,10,reported_CA_Stabw,,15.0,1.0
PROP-a28e127005,COND-ea433a1987,,not_provided_by_source,900C|PUR|unknown|spray|tape|10|sprayna,Figure 6/900C SP coatings_abrasion and tape tesing_wetting data/Cycle 10/Tape.xlsx,148.11,1.6099222533754185,5,reported_CA_Stabw,,15.0,1.0
PROP-f4731b2b42,COND-f10af6c8ba,,not_provided_by_source,900C|PUR|unknown|spray|abrasion|15|sprayna,Figure 6/900C SP coatings_abrasion and tape tesing_wetting data/Cycle 15/Abrasion.xlsx,144.51,5.879710877245577,10,computed_static_replicates,,,1.0
PROP-7070997f49,COND-343fb53f10,,not_provided_by_source,900C|PUR|unknown|spray|tape|15|sprayna,Figure 6/900C SP coatings_abrasion and tape tesing_wetting data/Cycle 15/Tape.xlsx,146.17,4.619740252438437,5,computed_static_replicates,,,1.0
PROP-c9398c1559,COND-da04e66b7e,,not_provided_by_source,900C|PUR|unknown|spray|abrasion|2|sprayna,Figure 6/900C SP coatings_abrasion and tape tesing_wetting data/Cycle 2/Abrasion.xlsx,154.47000000000003,1.5181818887535905,10,reported_CA_Stabw,0.8613890161309257,5.0,0.1
PROP-8f6f96f3c3,COND-b77c1999ce,,not_provided_by_source,900C|PUR|unknown|spray|tape|2|sprayna,Figure 6/900C SP coatings_abrasion and tape tesing_wetting data/Cycle 2/Tape.xlsx,155.3,1.3105570171002712,5,reported_CA_Stabw,0.837051767676788,6.0,0.2
PROP-0a85c1a557,COND-01fc67283a,,not_provided_by_source,900C|PUR|unknown|spray|abrasion|20|sprayna,Figure 6/900C SP coatings_abrasion and tape tesing_wetting data/Cycle 20/Abrasion.xlsx,148.41500000000002,5.641219824746338,10,computed_static_replicates,,,1.0
PROP-664528f082,COND-b5eea0489b,,not_provided_by_source,900C|PUR|unknown|spray|abrasion|3|sprayna,Figure 6/900C SP coatings_abrasion and tape tesing_wetting data/Cycle 3/Abrasion.xlsx,154.825,1.9894327479948968,10,reported_CA_Stabw,1.0999159761706494,6.0,0.2
PROP-f7e80945bf,COND-1c22f74aaa,,not_provided_by_source,900C|PUR|unknown|spray|tape|3|sprayna,Figure 6/900C SP coatings_abrasion and tape tesing_wetting data/Cycle 3/Tape.xlsx,151.63,1.5759943940096708,5,reported_CA_Stabw,3.7707333516157178,7.0,0.4
PROP-dea2479127,COND-e9e090c3ed,,not_provided_by_source,900C|PUR|unknown|spray|abrasion|4|sprayna,Figure 6/900C SP coatings_abrasion and tape tesing_wetting data/Cycle 4/Abrasion.xlsx,140.27000000000004,4.1524136407051735,10,reported_CA_Stabw,,9.0,0.6
PROP-ade879d6d6,COND-d9aafb5fac,,not_provided_by_source,900C|PUR|unknown|spray|tape|4|sprayna,Figure 6/900C SP coatings_abrasion and tape tesing_wetting data/Cycle 4/Tape.xlsx,146.72,3.745986378082258,5,reported_CA_Stabw,,8.0,0.8
PROP-61e1f1fd2e,COND-bde8c97cdc,,not_provided_by_source,900C|PUR|unknown|spray|abrasion|5|sprayna,Figure 6/900C SP coatings_abrasion and tape tesing_wetting data/Cycle 5/Abrasion.xlsx,134.03499999999997,12.899712879995544,10,reported_CA_Stabw,,10.0,1.0
PROP-44614f6117,COND-eb61063bcd,,not_provided_by_source,900C|PUR|unknown|spray|tape|5|sprayna,Figure 6/900C SP coatings_abrasion and tape tesing_wetting data/Cycle 5/Tape.xlsx,145.95000000000002,9.67687898644296,5,reported_CA_Stabw,,10.0,1.0
PROP-d1d49f7afd,COND-128e35fdd7,,not_provided_by_source,binder|PUR|unknown|spray|none|na|sprayna,Figure 6/Binder SP_abrasion and tape testing_wetting data/Contact angle hysteresis_roll-off angle_pinning fraction.xlsx,,,0,computed_static_replicates,,5.111111111111111,0.11
PROP-e277fd2938,COND-54f8fda123,,not_provided_by_source,unsintered|PUR|unknown|spray|abrasion|0|sprayna,Figure 6/Unsintered SP coating_abrasion and tape tesing_wetting data/No calcination_Abrasion test cycle_0_wetting data.xlsx,154.34499999999997,1.8053000267120511,0,reported_CA_Stabw,0.3328235380904346,5.0,0.0
PROP-27e976ecec,COND-5ca5cbd207,,not_provided_by_source,unsintered|PUR|unknown|spray|abrasion|1|sprayna,Figure 6/Unsintered SP coating_abrasion and tape tesing_wetting data/No calcination_Abrasion test cycle_1_wetting data.xlsx,151.34500000000003,2.3400533304376534,10,reported_CA_Stabw,1.2027125863229629,5.0,0.0
PROP-07b8148dbf,COND-bc8aeb9f36,,not_provided_by_source,unsintered|PUR|unknown|spray|abrasion|2|sprayna,Figure 6/Unsintered SP coating_abrasion and tape tesing_wetting data/No calcination_Abrasion test cycle_2_wetting data.xlsx,148.08500000000004,1.7881011148949175,10,reported_CA_Stabw,,7.0,0.9
PROP-b7a7e94848,COND-a6b86e862e,,not_provided_by_source,unsintered|PUR|unknown|spray|abrasion|3|sprayna,Figure 6/Unsintered SP coating_abrasion and tape tesing_wetting data/No calcination_Abrasion test cycle_3_wetting data.xlsx,146.05,1.8862081439050185,10,reported_CA_Stabw,,11.0,1.0
PROP-00ebbb1ad7,COND-61cfaacdbf,,not_provided_by_source,unsintered|PUR|unknown|spray|abrasion|4|sprayna,Figure 6/Unsintered SP coating_abrasion and tape tesing_wetting data/No calcination_Abrasion test cycle_4_wetting data.xlsx,145.08,1.4661708674394736,10,reported_CA_Stabw,,19.0,1.0
PROP-9ed1d46da2,COND-8d1f7de70c,,not_provided_by_source,unsintered|PUR|unknown|spray|abrasion|5|sprayna,Figure 6/Unsintered SP coating_abrasion and tape tesing_wetting data/No calcination_Abrasion test cycle_5_wetting data.xlsx,144.29444444444448,1.2992978150314745,10,reported_CA_Stabw,,,1.0
PROP-a065f28e91,COND-e5ead496c6,,not_provided_by_source,unsintered|PUR|unknown|spray|tape|0|sprayna,Figure 6/Unsintered SP coating_abrasion and tape tesing_wetting data/No calcination_Tape test cycle_0_wetting data.xlsx,152.17000000000002,1.2515044585804942,5,reported_CA_Stabw,1.1329184472934533,5.0,0.0
PROP-88d99ae00e,COND-1e8d096144,,not_provided_by_source,unsintered|PUR|unknown|spray|tape|1|sprayna,Figure 6/Unsintered SP coating_abrasion and tape tesing_wetting data/No calcination_Tape test cycle_1_wetting data.xlsx,150.79,1.0170539891745995,5,reported_CA_Stabw,1.491485339506189,8.0,0.3
PROP-9a82967384,COND-0b63a03cc3,,not_provided_by_source,unsintered|PUR|unknown|spray|tape|2|sprayna,Figure 6/Unsintered SP coating_abrasion and tape tesing_wetting data/No calcination_Tape test cycle_2_wetting data.xlsx,143.62,4.841322460107595,5,reported_CA_Stabw,,9.0,1.0
PROP-aedb641ed8,COND-4c44ef94a3,,not_provided_by_source,unsintered|PUR|unknown|spray|tape|3|sprayna,Figure 6/Unsintered SP coating_abrasion and tape tesing_wetting data/No calcination_Tape test cycle_3_wetting data.xlsx,140.81,10.347874177566464,5,reported_CA_Stabw,,13.0,1.0
PROP-0280e1481e,COND-2e7b0569cd,,not_provided_by_source,unsintered|PUR|unknown|spray|tape|4|sprayna,Figure 6/Unsintered SP coating_abrasion and tape tesing_wetting data/No calcination_Tape test cycle_4_wetting data.xlsx,140.52000000000004,9.24721940446788,5,reported_CA_Stabw,,18.0,1.0
PROP-da7644cea1,COND-35893b5480,,not_provided_by_source,unsintered|PUR|unknown|spray|tape|5|sprayna,Figure 6/Unsintered SP coating_abrasion and tape tesing_wetting data/No calcination_Tape test cycle_5_wetting data.xlsx,142.17,5.434279598433918,5,reported_CA_Stabw,,,1.0
PROP-4fcc31a46a,COND-c633d60758,,not_provided_by_source,base|unknown|unknown|dip|none|na|sprayna,Supplementary Figure S4/Contact angle_ hysteresis_roll-off angle_Dip coating.xlsx,153.45999999999998,0.8191183766730481,5,reported_CA_Stabw,2.079733893557413,5.0,
PROP-11bc6f899b,COND-5c33bae2e0,,not_provided_by_source,base|PUR|sieved|spray|none|na|sprayna,Supplementary Figure S7/Sieved SP contact angle and pinning fraction_PUR.xlsx,150.04000000000002,0.8378926809162289,5,reported_CA_Stabw,,,1.0
PROP-685997e0e5,COND-898124971f,,not_provided_by_source,base|PUR|unsieved|spray|none|na|sprayna,Supplementary Figure S7/Unsieved SP contact angle_hysteresis_ pinning fraction_PUR.xlsx,153.14999999999998,0.7598469541909326,5,reported_CA_Stabw,0.9322278062943118,5.0,0.0
