durability_series_key,primer,material,sieving,coating_method,test_type,cycle,contact_angle_deg,hysteresis_deg,rolloff_angle_deg,pinning_fraction
PDMS|500C|unknown|spray|abrasion,PDMS,500C,unknown,spray,abrasion,0,152.76,2.635206402061692,5.0,0.0
PDMS|500C|unknown|spray|abrasion,PDMS,500C,unknown,spray,abrasion,1,152.875,2.3003589437338974,6.0,0.2
PDMS|500C|unknown|spray|abrasion,PDMS,500C,unknown,spray,abrasion,2,150.94,3.8133099159036714,7.0,0.3
PDMS|500C|unknown|spray|abrasion,PDMS,500C,unknown,spray,abrasion,3,149.675,,11.0,0.8
PDMS|500C|unknown|spray|abrasion,PDMS,500C,unknown,spray,abrasion,4,145.98333333333332,,18.0,1.0
PDMS|500C|unknown|spray|abrasion,PDMS,500C,unknown,spray,abrasion,5,145.70999999999998,,,1.0
PDMS|500C|unknown|spray|tape,PDMS,500C,unknown,spray,tape,0,154.0,3.372291512824072,5.0,0.0
PDMS|500C|unknown|spray|tape,PDMS,500C,unknown,spray,tape,1,152.67000000000002,4.703726370788426,7.0,0.3
PDMS|500C|unknown|spray|tape,PDMS,500C,unknown,spray,tape,2,151.2,4.281491393190379,10.0,0.5
PDMS|500C|unknown|spray|tape,PDMS,500C,unknown,spray,tape,3,143.82999999999998,,,1.0
PDMS|500C|unknown|spray|tape,PDMS,500C,unknown,spray,tape,4,142.82,,,1.0
PDMS|500C|unknown|spray|tape,PDMS,500C,unknown,spray,tape,5,140.48000000000002,,,1.0
PDMS|900C|unknown|spray|abrasion,PDMS,900C,unknown,spray,abrasion,0,155.29000000000002,2.997711396546918,5.0,0.0
PDMS|900C|unknown|spray|abrasion,PDMS,900C,unknown,spray,abrasion,1,155.395,1.0261535942128035,5.0,0.0
PDMS|900C|unknown|spray|abrasion,PDMS,900C,unknown,spray,abrasion,2,154.89999999999998,2.6456632774054185,5.0,0.1
PDMS|900C|unknown|spray|abrasion,PDMS,900C,unknown,spray,abrasion,3,153.875,2.5789683054442323,5.0,0.2
PDMS|900C|unknown|spray|abrasion,PDMS,900C,unknown,spray,abrasion,4,152.48,1.97698620940904,5.0,0.7
PDMS|900C|unknown|spray|abrasion,PDMS,900C,unknown,spray,abrasion,5,150.58500000000004,,8.0,1.0
PDMS|900C|unknown|spray|abrasion,PDMS,900C,unknown,spray,abrasion,10,151.185,,10.0,1.0
PDMS|900C|unknown|spray|abrasion,PDMS,900C,unknown,spray,abrasion,15,150.9,,14.0,1.0
PDMS|900C|unknown|spray|abrasion,PDMS,900C,unknown,spray,abrasion,20,142.41,,,1.0
PDMS|900C|unknown|spray|tape,PDMS,900C,unknown,spray,tape,0,153.49,1.4984218648473018,5.0,0.0
PDMS|900C|unknown|spray|tape,PDMS,900C,unknown,spray,tape,1,154.68,1.1474396519373231,5.0,0.0
PDMS|900C|unknown|spray|tape,PDMS,900C,unknown,spray,tape,2,154.73999999999998,1.6779706790123232,5.0,0.0
PDMS|900C|unknown|spray|tape,PDMS,900C,unknown,spray,tape,3,150.17,1.208607251603932,5.0,0.1
PDMS|900C|unknown|spray|tape,PDMS,900C,unknown,spray,tape,4,147.51000000000002,2.3766405878905723,5.0,0.4
PDMS|900C|unknown|spray|tape,PDMS,900C,unknown,spray,tape,5,146.24,,7.0,1.0
PDMS|900C|unknown|spray|tape,PDMS,900C,unknown,spray,tape,10,137.16,,,1.0
PDMS|unsintered|unknown|spray|abrasion,PDMS,unsintered,unknown,spray,abrasion,0,151.955,3.794839529960973,5.0,0.0
PDMS|unsintered|unknown|spray|abrasion,PDMS,unsintered,unknown,spray,abrasion,1,152.125,2.632781608132018,6.0,0.1
PDMS|unsintered|unknown|spray|abrasion,PDMS,unsintered,unknown,spray,abrasion,2,149.70499999999998,,12.0,1.0
PDMS|unsintered|unknown|spray|abrasion,PDMS,unsintered,unknown,spray,abrasion,3,143.78000000000003,,17.0,1.0
PDMS|unsintered|unknown|spray|abrasion,PDMS,unsintered,unknown,spray,abrasion,4,145.04,,,1.0
PDMS|unsintered|unknown|spray|abrasion,PDMS,unsintered,unknown,spray,abrasion,5,143.73000000000002,,,1.0
PDMS|unsintered|unknown|spray|tape,PDMS,unsintered,unknown,spray,tape,0,153.26999999999998,2.374811512680964,5.0,0.0
PDMS|unsintered|unknown|spray|tape,PDMS,unsintered,unknown,spray,tape,1,148.54,,11.0,0.7
PDMS|unsintered|unknown|spray|tape,PDMS,unsintered,unknown,spray,tape,2,143.26999999999998,,,1.0
PDMS|unsintered|unknown|spray|tape,PDMS,unsintered,unknown,spray,tape,3,141.64,,,1.0
PDMS|unsintered|unknown|spray|tape,PDMS,unsintered,unknown,spray,tape,4,141.46,,,1.0
PDMS|unsintered|unknown|spray|tape,PDMS,unsintered,unknown,spray,tape,5,141.96000000000004,,,1.0
PUR|500C|unknown|spray|abrasion,PUR,500C,unknown,spray,abrasion,0,152.685,1.2838796662550125,5.0,0.0
PUR|500C|unknown|spray|abrasion,PUR,500C,unknown,spray,abrasion,1,150.935,3.7796002559469457,5.0,0.0
PUR|500C|unknown|spray|abrasion,PUR,500C,unknown,spray,abrasion,2,152.56,2.2912677602786173,6.0,0.2
PUR|500C|unknown|spray|abrasion,PUR,500C,unknown,spray,abrasion,3,152.18,1.1120794075205993,8.0,0.6
PUR|500C|unknown|spray|abrasion,PUR,500C,unknown,spray,abrasion,4,148.715,,16.0,1.0
PUR|500C|unknown|spray|abrasion,PUR,500C,unknown,spray,abrasion,5,147.89,,,1.0
PUR|500C|unknown|spray|tape,PUR,500C,unknown,spray,tape,0,151.74,0.4997710075667025,5.0,0.0
PUR|500C|unknown|spray|tape,PUR,500C,unknown,spray,tape,1,151.74,4.411051373954592,6.0,0.1
PUR|500C|unknown|spray|tape,PUR,500C,unknown,spray,tape,2,151.1,1.0750256258824702,8.0,0.4
PUR|500C|unknown|spray|tape,PUR,500C,unknown,spray,tape,3,148.07999999999998,,11.0,1.0
PUR|500C|unknown|spray|tape,PUR,500C,unknown,spray,tape,4,144.29000000000002,,17.0,1.0
PUR|500C|unknown|spray|tape,PUR,500C,unknown,spray,tape,5,143.1,,,1.0
PUR|900C|unknown|spray|abrasion,PUR,900C,unknown,spray,abrasion,0,154.46,1.2123544657097227,5.0,0.0
PUR|900C|unknown|spray|abrasion,PUR,900C,unknown,spray,abrasion,1,152.985,1.103155197336497,5.0,0.0
PUR|900C|unknown|spray|abrasion,PUR,900C,unknown,spray,abrasion,2,154.47000000000003,0.8613890161309257,5.0,0.1
PUR|900C|unknown|spray|abrasion,PUR,900C,unknown,spray,abrasion,3,154.825,1.0999159761706494,6.0,0.2
PUR|900C|unknown|spray|abrasion,PUR,900C,unknown,spray,abrasion,4,140.27000000000004,,9.0,0.6
PUR|900C|unknown|spray|abrasion,PUR,900C,unknown,spray,abrasion,5,134.03499999999997,,10.0,1.0
PUR|900C|unknown|spray|abrasion,PUR,900C,unknown,spray,abrasion,10,137.985,,15.0,1.0
PUR|900C|unknown|spray|abrasion,PUR,900C,unknown,spray,abrasion,15,144.51,,,1.0
PUR|900C|unknown|spray|abrasion,PUR,900C,unknown,spray,abrasion,20,148.41500000000002,,,1.0
PUR|900C|unknown|spray|tape,PUR,900C,unknown,spray,tape,0,153.14999999999998,0.9322278062943118,5.0,0.0
PUR|900C|unknown|spray|tape,PUR,900C,unknown,spray,tape,1,152.85,1.9958266670031437,5.0,0.0
PUR|900C|unknown|spray|tape,PUR,900C,unknown,spray,tape,2,155.3,0.837051767676788,6.0,0.2
PUR|900C|unknown|spray|tape,PUR,900C,unknown,spray,tape,3,151.63,3.7707333516157178,7.0,0.4
PUR|900C|unknown|spray|tape,PUR,900C,unknown,spray,tape,4,146.72,,8.0,0.8
PUR|900C|unknown|spray|tape,PUR,900C,unknown,spray,tape,5,145.95000000000002,,10.0,1.0
PUR|900C|unknown|spray|tape,PUR,900C,unknown,spray,tape,10,148.11,,15.0,1.0
PUR|900C|unknown|spray|tape,PUR,900C,unknown,spray,tape,15,146.17,,,1.0
PUR|unsintered|unknown|spray|abrasion,PUR,unsintered,unknown,spray,abrasion,0,154.34499999999997,0.3328235380904346,5.0,0.0
PUR|unsintered|unknown|spray|abrasion,PUR,unsintered,unknown,spray,abrasion,1,151.34500000000003,1.2027125863229629,5.0,0.0
PUR|unsintered|unknown|spray|abrasion,PUR,unsintered,unknown,spray,abrasion,2,148.08500000000004,,7.0,0.9
PUR|unsintered|unknown|spray|abrasion,PUR,unsintered,unknown,spray,abrasion,3,146.05,,11.0,1.0
PUR|unsintered|unknown|spray|abrasion,PUR,unsintered,unknown,spray,abrasion,4,145.08,,19.0,1.0
PUR|unsintered|unknown|spray|abrasion,PUR,unsintered,unknown,spray,abrasion,5,144.29444444444448,,,1.0
PUR|unsintered|unknown|spray|tape,PUR,unsintered,unknown,spray,tape,0,152.17000000000002,1.1329184472934533,5.0,0.0
PUR|unsintered|unknown|spray|tape,PUR,unsintered,unknown,spray,tape,1,150.79,1.491485339506189,8.0,0.3
PUR|unsintered|unknown|spray|tape,PUR,unsintered,unknown,spray,tape,2,143.62,,9.0,1.0
PUR|unsintered|unknown|spray|tape,PUR,unsintered,unknown,spray,tape,3,140.81,,13.0,1.0
PUR|unsintered|unknown|spray|tape,PUR,unsintered,unknown,spray,tape,4,140.52000000000004,,18.0,1.0
PUR|unsintered|unknown|spray|tape,PUR,unsintered,unknown,spray,tape,5,142.17,,,1.0
