relative_path,sha256,contact_angle_deg,contact_angle_sd_deg,n_contact_angle,contact_angle_value_source,hysteresis_deg,rolloff_angle_deg,pinning_fraction,figure_folder,primer,material,sieving,coating_method,test_type,cycle,spray_cycle,view,image_role,condition_key,duplicate_sha256
Figure 3/Contact angle_ hysteresis_roll-off angle.xlsx,3ac771a947ff813ffbdfb6a8b623ce1a5f4aa1a1ad8aa40a0dcd255ee6119832,153.92000000000002,0.9444907310066367,5,reported_CA_Stabw,1.3461480636315837,5.0,,Figure 3,unknown,base,unknown,spray,none,,,top,other,base|unknown|unknown|spray|none|na|sprayna,False
Figure 4/Sieved SP contact angle and pinning fraction.xlsx,47cd5565c23699ce8e33b9866b148d4e275098fd1e3859a05b2ab44f91e84244,151.63,0.7345046655973397,5,reported_CA_Stabw,,,1.0,Figure 4,PDMS,base,sieved,spray,none,,,top,particle,base|PDMS|sieved|spray|none|na|sprayna,False
Figure 4/Unsieved SP contact angle_hysteresis_ pinning fraction.xlsx,c16765f7e432a0e892501f3328deb95174cd2dc6ed3fe71a3813ebb4936f679e,153.49,0.6389760849740129,5,reported_CA_Stabw,1.7924277461278493,,0.0,Figure 4,PDMS,base,unsieved,spray,none,,,top,particle,base|PDMS|unsieved|spray|none|na|sprayna,False
Figure 5/500C SP coatings_abrasion and tape tesing_wetting data/500C SP_Abrasion test cycle_0_wetting data.xlsx,d881c114e5e0eb7fc3934d87f90778419f24a57b0893c48dba043b6826bac8dc,152.76,1.6927205709370692,10,reported_CA_Stabw,2.635206402061692,5.0,0.0,Figure 5,PDMS,500C,unknown,spray,abrasion,0.0,,top,coating,500C|PDMS|unknown|spray|abrasion|0|sprayna,False
Figure 5/500C SP coatings_abrasion and tape tesing_wetting data/500C SP_Abrasion test cycle_1_wetting data.xlsx,883b8f64b8715ae2d43a2b2df8da50f7fef5a6194058c3b4d7613bf71e0b0eab,152.875,2.201673836449725,10,reported_CA_Stabw,2.3003589437338974,6.0,0.2,Figure 5,PDMS,500C,unknown,spray,abrasion,1.0,,top,coating,500C|PDMS|unknown|spray|abrasion|1|sprayna,False
Figure 5/500C SP coatings_abrasion and tape tesing_wetting data/500C SP_Abrasion test cycle_2_wetting data.xlsx,193b58586bd52963e8c04c0dc9265fab57b17fff87b3d72a074ebd219238f779,150.94,2.339484340073441,10,reported_CA_Stabw,3.8133099159036705,7.0,0.3,Figure 5,PDMS,500C,unknown,spray,abrasion,2.0,,top,coating,500C|PDMS|unknown|spray|abrasion|2|sprayna,False
Figure 5/500C SP coatings_abrasion and tape tesing_wetting data/500C SP_Abrasion test cycle_3_wetting data.xlsx,e5979467b9b58c1d14207ea63558caa016721bf689e0c9c28a049f6eb55fd62e,149.675,2.217251962868489,10,reported_CA_Stabw,,11.0,0.8,Figure 5,PDMS,500C,unknown,spray,abrasion,3.0,,top,coating,500C|PDMS|unknown|spray|abrasion|3|sprayna,False
Figure 5/500C SP coatings_abrasion and tape tesing_wetting data/500C SP_Abrasion test cycle_4_wetting data.xlsx,18b54227c61b695c64c167360531ec0381801c427342f4bcfb20d833451c10ad,145.98333333333332,3.049605378945859,10,reported_CA_Stabw,,18.0,1.0,Figure 5,PDMS,500C,unknown,spray,abrasion,4.0,,top,coating,500C|PDMS|unknown|spray|abrasion|4|sprayna,False
Figure 5/500C SP coatings_abrasion and tape tesing_wetting data/500C SP_Abrasion test cycle_5_wetting data.xlsx,a931664f1dbad1bfed1ab5af493abe9ece043b50808976a27b9943347f3022c8,145.70999999999998,1.1661723815095897,10,reported_CA_Stabw,,,1.0,Figure 5,PDMS,500C,unknown,spray,abrasion,5.0,,top,coating,500C|PDMS|unknown|spray|abrasion|5|sprayna,False
Figure 5/500C SP coatings_abrasion and tape tesing_wetting data/500C SP_Tape test cycle_0_wetting data.xlsx,49a2140d5b2a9217b660eef16dca05359b65f56557b8fbf70bc59ce467762c15,154.0,1.5319217601684625,5,reported_CA_Stabw,3.3722915128240722,5.0,0.0,Figure 5,PDMS,500C,unknown,spray,tape,0.0,,top,coating,500C|PDMS|unknown|spray|tape|0|sprayna,False
Figure 5/500C SP coatings_abrasion and tape tesing_wetting data/500C SP_Tape test cycle_1_wetting data.xlsx,54ceb11bcbeaffeb56984395523f6df2703902b9eaa36eb584245cf8c404ab39,152.67000000000002,1.8120498957444855,5,reported_CA_Stabw,4.703726370788426,7.0,0.3,Figure 5,PDMS,500C,unknown,spray,tape,1.0,,top,coating,500C|PDMS|unknown|spray|tape|1|sprayna,False
Figure 5/500C SP coatings_abrasion and tape tesing_wetting data/500C SP_Tape test cycle_2_wetting data.xlsx,f06c090eeb5b920e2ffda686f5569caef7f509fbcfc6cd3ca6e70ecea5288929,151.2,1.133463662985965,5,reported_CA_Stabw,4.281491393190379,10.0,0.5,Figure 5,PDMS,500C,unknown,spray,tape,2.0,,top,coating,500C|PDMS|unknown|spray|tape|2|sprayna,False
Figure 5/500C SP coatings_abrasion and tape tesing_wetting data/500C SP_Tape test cycle_3_wetting data.xlsx,df5e41daa24d2a1d4d2b19dab2325fa9e949ec9cd83034b62231797fd23d5ba1,143.82999999999998,2.203638104469712,5,reported_CA_Stabw,,,1.0,Figure 5,PDMS,500C,unknown,spray,tape,3.0,,top,coating,500C|PDMS|unknown|spray|tape|3|sprayna,False
Figure 5/500C SP coatings_abrasion and tape tesing_wetting data/500C SP_Tape test cycle_4_wetting data.xlsx,1f238f1233b3b326b8b53171aa10af32bcd91cf0607c162e32699db9c591f035,142.82,2.281376124461958,5,reported_CA_Stabw,,,1.0,Figure 5,PDMS,500C,unknown,spray,tape,4.0,,top,coating,500C|PDMS|unknown|spray|tape|4|sprayna,False
Figure 5/500C SP coatings_abrasion and tape tesing_wetting data/500C SP_Tape test cycle_5_wetting data.xlsx,61cb792c62b1a3cadfc68514515b8692db8ea1b5c724e2ae5e71fe6827f3ad3f,140.48000000000002,1.379169899283193,5,reported_CA_Stabw,,,1.0,Figure 5,PDMS,500C,unknown,spray,tape,5.0,,top,coating,500C|PDMS|unknown|spray|tape|5|sprayna,False
Figure 5/900C SP coatings_abrasion and tape tesing_wetting data/Cycle 0/Abrasion.xlsx,812aaf45e454011161e275c24ef96d9d0dd48282dff7eb66505ec40293202e91,155.29000000000002,2.497960648501661,10,reported_CA_Stabw,2.9977113965469186,5.0,0.0,Figure 5,PDMS,900C,unknown,spray,abrasion,0.0,,top,coating,900C|PDMS|unknown|spray|abrasion|0|sprayna,False
Figure 5/900C SP coatings_abrasion and tape tesing_wetting data/Cycle 0/Tape.xlsx,d26dc62c479131e9bb0143943da7e477531cf247dc5416ea884990a6ed0caace,153.49,0.6389760849740129,5,reported_CA_Stabw,1.4984218648473018,5.0,0.0,Figure 5,PDMS,900C,unknown,spray,tape,0.0,,top,coating,900C|PDMS|unknown|spray|tape|0|sprayna,False
Figure 5/900C SP coatings_abrasion and tape tesing_wetting data/Cycle 1/Abrasion.xlsx,411f78dc27c35c6c19772cf5c3f1546da2928e4fcf0536d1e5eb3cd6f428cfbe,155.395,1.4758223130135242,10,reported_CA_Stabw,1.0261535942128035,5.0,0.0,Figure 5,PDMS,900C,unknown,spray,abrasion,1.0,,top,coating,900C|PDMS|unknown|spray|abrasion|1|sprayna,False
Figure 5/900C SP coatings_abrasion and tape tesing_wetting data/Cycle 1/Tape.xlsx,53d9dcbeb11a74ddea22fc10723ff962aa9257bb1e813e664733b21b86e9cd41,154.68,1.7829788362357948,5,reported_CA_Stabw,1.1474396519373233,5.0,0.0,Figure 5,PDMS,900C,unknown,spray,tape,1.0,,top,coating,900C|PDMS|unknown|spray|tape|1|sprayna,False
Figure 5/900C SP coatings_abrasion and tape tesing_wetting data/Cycle 10/Abrasion.xlsx,3fef3d4d7fd43659947937a8b72ce97a5d10f6b025948ad88d91ca72763ad217,151.185,1.4402648331960148,10,reported_CA_Stabw,,10.0,1.0,Figure 5,PDMS,900C,unknown,spray,abrasion,10.0,,top,coating,900C|PDMS|unknown|spray|abrasion|10|sprayna,False
Figure 5/900C SP coatings_abrasion and tape tesing_wetting data/Cycle 10/Tape.xlsx,e71cae6b978f2be80af303e83b240df13735e5e52dd2b16c446e2c3a607891c8,137.16,7.15615120019135,5,computed_static_replicates,,,1.0,Figure 5,PDMS,900C,unknown,spray,tape,10.0,,top,coating,900C|PDMS|unknown|spray|tape|10|sprayna,False
Figure 5/900C SP coatings_abrasion and tape tesing_wetting data/Cycle 15/Abrasion.xlsx,b2d29dab84e07638c69d7261805e3a04909d668a492147f77189cfa79f110897,150.9,1.4957346764123018,10,computed_static_replicates,,14.0,1.0,Figure 5,PDMS,900C,unknown,spray,abrasion,15.0,,top,coating,900C|PDMS|unknown|spray|abrasion|15|sprayna,False
Figure 5/900C SP coatings_abrasion and tape tesing_wetting data/Cycle 2/Abrasion.xlsx,ae3e9b3d0b57ef0d94ef52c38c2221c72595b096c6b379e3c9ad71f52c8b83c6,154.89999999999998,0.9269587443534624,10,reported_CA_Stabw,2.6456632774054185,5.0,0.1,Figure 5,PDMS,900C,unknown,spray,abrasion,2.0,,top,coating,900C|PDMS|unknown|spray|abrasion|2|sprayna,False
Figure 5/900C SP coatings_abrasion and tape tesing_wetting data/Cycle 2/Tape.xlsx,944f3430c64bb29aa8d571fb3f08f59ba32c7023af70697c6ebc0597274cb059,154.73999999999998,2.2421804525469478,5,reported_CA_Stabw,1.6779706790123232,5.0,0.0,Figure 5,PDMS,900C,unknown,spray,tape,2.0,,top,coating,900C|PDMS|unknown|spray|tape|2|sprayna,False
Figure 5/900C SP coatings_abrasion and tape tesing_wetting data/Cycle 20/Abrasion.xlsx,794b37772e6f43c2f7930f43d0daa40a984a477755738c273fef84d457d7f534,142.41,1.0524574417365642,10,computed_static_replicates,,,1.0,Figure 5,PDMS,900C,unknown,spray,abrasion,20.0,,top,coating,900C|PDMS|unknown|spray|abrasion|20|sprayna,False
Figure 5/900C SP coatings_abrasion and tape tesing_wetting data/Cycle 3/Abrasion.xlsx,b332b2ab013fab51ce004a0d6cc9d19b87c75e1ac4878b8914e446bfc92d84b4,153.875,0.8697636200129797,10,reported_CA_Stabw,2.5789683054442323,5.0,0.2,Figure 5,PDMS,900C,unknown,spray,abrasion,3.0,,top,coating,900C|PDMS|unknown|spray|abrasion|3|sprayna,False
Figure 5/900C SP coatings_abrasion and tape tesing_wetting data/Cycle 3/Tape.xlsx,e8ad2de58ec039b607254eac5ff71ba161c3ab1d216be76a506be1b650846803,150.17,1.1952661717349418,5,reported_CA_Stabw,1.208607251603932,5.0,0.1,Figure 5,PDMS,900C,unknown,spray,tape,3.0,,top,coating,900C|PDMS|unknown|spray|tape|3|sprayna,False
Figure 5/900C SP coatings_abrasion and tape tesing_wetting data/Cycle 4/Abrasion.xlsx,5ff675afbad83196b17e16d81c5e5ba881defc27b620c5096b6206c0d14d1b4c,152.48,1.3681608695452436,10,reported_CA_Stabw,1.97698620940904,5.0,0.7,Figure 5,PDMS,900C,unknown,spray,abrasion,4.0,,top,coating,900C|PDMS|unknown|spray|abrasion|4|sprayna,False
Figure 5/900C SP coatings_abrasion and tape tesing_wetting data/Cycle 4/Tape.xlsx,4dfe25d91fad8cc08cea6d09c4d40c6aeb2507567b2a4732fbd10cce156064a8,147.51000000000002,3.008671735121043,6,reported_CA_Stabw,2.3766405878905723,5.0,0.4,Figure 5,PDMS,900C,unknown,spray,tape,4.0,,top,coating,900C|PDMS|unknown|spray|tape|4|sprayna,False
Figure 5/900C SP coatings_abrasion and tape tesing_wetting data/Cycle 5/Abrasion.xlsx,12d61aa7817d313c7db91adbf9ebddc721015fab71e8ef0fab27b97945fdcd2c,150.58500000000004,1.726143889144121,10,reported_CA_Stabw,,8.0,1.0,Figure 5,PDMS,900C,unknown,spray,abrasion,5.0,,top,coating,900C|PDMS|unknown|spray|abrasion|5|sprayna,False
Figure 5/900C SP coatings_abrasion and tape tesing_wetting data/Cycle 5/Tape.xlsx,3ae421822b28d53473e77186d28fbfbb087c87e898d15909db9e9216b9d467f4,146.24,4.695414658367435,5,reported_CA_Stabw,,7.0,1.0,Figure 5,PDMS,900C,unknown,spray,tape,5.0,,top,coating,900C|PDMS|unknown|spray|tape|5|sprayna,False
Figure 5/Unsintered SP coating_abrasion and tape tesing_wetting data/No calcination_Abrasion test cycle_0_wetting data.xlsx,dfdb685715ffc319371a9545a6aed165321021e8ae1ce3cfad11700e98ee8ce6,151.955,1.1739862874916605,10,reported_CA_Stabw,3.794839529960973,5.0,0.0,Figure 5,PDMS,unsintered,unknown,spray,abrasion,0.0,,top,coating,unsintered|PDMS|unknown|spray|abrasion|0|sprayna,False
Figure 5/Unsintered SP coating_abrasion and tape tesing_wetting data/No calcination_Abrasion test cycle_1_wetting data.xlsx,dfb7618bd3231db53e5e33bdaaecfd6c4a233cf08d507725d4e7d0babd160efc,152.125,1.4240940642163302,10,reported_CA_Stabw,2.632781608132018,6.0,0.1,Figure 5,PDMS,unsintered,unknown,spray,abrasion,1.0,,top,coating,unsintered|PDMS|unknown|spray|abrasion|1|sprayna,False
Figure 5/Unsintered SP coating_abrasion and tape tesing_wetting data/No calcination_Abrasion test cycle_2_wetting data.xlsx,20c26fa4ff540c0c42ee945a9ab82ead76540166f1369ecbe505d49d3b4f4b06,149.70499999999998,2.028933181649708,10,reported_CA_Stabw,,12.0,1.0,Figure 5,PDMS,unsintered,unknown,spray,abrasion,2.0,,top,coating,unsintered|PDMS|unknown|spray|abrasion|2|sprayna,False
Figure 5/Unsintered SP coating_abrasion and tape tesing_wetting data/No calcination_Abrasion test cycle_3_wetting data.xlsx,b21ffe7f6d4202d435e0b2dd816c79af63bbda17110ed96acd384e28e0bd3000,143.78000000000003,4.190195332248179,10,reported_CA_Stabw,,17.0,1.0,Figure 5,PDMS,unsintered,unknown,spray,abrasion,3.0,,top,coating,unsintered|PDMS|unknown|spray|abrasion|3|sprayna,False
Figure 5/Unsintered SP coating_abrasion and tape tesing_wetting data/No calcination_Abrasion test cycle_4_wetting data.xlsx,3db59cc2b2b606c6e5b71a0ef7857e65e9c75d69f2f7102a0f04410210873a80,145.04,1.6012964289615659,10,reported_CA_Stabw,,,1.0,Figure 5,PDMS,unsintered,unknown,spray,abrasion,4.0,,top,coating,unsintered|PDMS|unknown|spray|abrasion|4|sprayna,False
Figure 5/Unsintered SP coating_abrasion and tape tesing_wetting data/No calcination_Abrasion test cycle_5_wetting data.xlsx,7d6488af90dcf8c748f9ad9c6b1d28f549d93b80e6a4df87f397e2520399aca8,143.73000000000002,1.3070062487379461,10,reported_CA_Stabw,,,1.0,Figure 5,PDMS,unsintered,unknown,spray,abrasion,5.0,,top,coating,unsintered|PDMS|unknown|spray|abrasion|5|sprayna,False
Figure 5/Unsintered SP coating_abrasion and tape tesing_wetting data/No calcination_Tape test cycle_0_wetting data.xlsx,21c4ad8b14437a558ebbe876e0f8e8187d09a6904ee0b60bc20801cbbb9bba7c,153.26999999999998,1.7866169147301816,5,reported_CA_Stabw,2.3748115126809637,5.0,0.0,Figure 5,PDMS,unsintered,unknown,spray,tape,0.0,,top,coating,unsintered|PDMS|unknown|spray|tape|0|sprayna,False
Figure 5/Unsintered SP coating_abrasion and tape tesing_wetting data/No calcination_Tape test cycle_1_wetting data.xlsx,bc6d21a04b2242a7d90de3890470c7069d00b0be151db0661c59149e00e23f56,148.54,2.57376791504588,5,reported_CA_Stabw,,11.0,0.7,Figure 5,PDMS,unsintered,unknown,spray,tape,1.0,,top,coating,unsintered|PDMS|unknown|spray|tape|1|sprayna,False
Figure 5/Unsintered SP coating_abrasion and tape tesing_wetting data/No calcination_Tape test cycle_2_wetting data.xlsx,ca8068dbd2907053d5cd63afbb4d65417f3a9c1bf9b40d6602adeb16ce7bf2bd,143.26999999999998,4.54129457066924,5,reported_CA_Stabw,,,1.0,Figure 5,PDMS,unsintered,unknown,spray,tape,2.0,,top,coating,unsintered|PDMS|unknown|spray|tape|2|sprayna,False
Figure 5/Unsintered SP coating_abrasion and tape tesing_wetting data/No calcination_Tape test cycle_3_wetting data.xlsx,ddfe82f14f05bd224f21319ca5485740e2cf6c20b3fc3805038000cdca5eae81,141.64,1.7372712297266588,5,reported_CA_Stabw,,,1.0,Figure 5,PDMS,unsintered,unknown,spray,tape,3.0,,top,coating,unsintered|PDMS|unknown|spray|tape|3|sprayna,False
Figure 5/Unsintered SP coating_abrasion and tape tesing_wetting data/No calcination_Tape test cycle_4_wetting data.xlsx,e8d44fe094cd2482882af9b59c7e302092fcd0a4ac448b6578447ce20e4047ca,141.46,0.6190302306637745,5,reported_CA_Stabw,,,1.0,Figure 5,PDMS,unsintered,unknown,spray,tape,4.0,,top,coating,unsintered|PDMS|unknown|spray|tape|4|sprayna,False
Figure 5/Unsintered SP coating_abrasion and tape tesing_wetting data/No calcination_Tape test cycle_5_wetting data.xlsx,2b7bced9c0f5f5f737cd177564c56df6fc37fffa9274619b9c34f7a4c54adb84,141.96000000000004,0.8397313625077556,5,reported_CA_Stabw,,,1.0,Figure 5,PDMS,unsintered,unknown,spray,tape,5.0,,top,coating,unsintered|PDMS|unknown|spray|tape|5|sprayna,False
Figure 6/500C SP coatings_abrasion and tape tesing_wetting data/500C SP_Abrasion test cycle_0_wetting data.xlsx,6b5bbe54ff5b92e8c712b22d8612a6203a79ad9b23720f5adee8af50afc914ae,152.685,1.444891978911577,10,reported_CA_Stabw,1.2838796662550123,5.0,0.0,Figure 6,PUR,500C,unknown,spray,abrasion,0.0,,top,coating,500C|PUR|unknown|spray|abrasion|0|sprayna,False
Figure 6/500C SP coatings_abrasion and tape tesing_wetting data/500C SP_Abrasion test cycle_1_wetting data.xlsx,72486c7ac722988fec64ed5786c58997c3fe0c11372f0d6291099ea0de6c5b9d,150.935,1.6241290625989513,10,reported_CA_Stabw,3.7796002559469457,5.0,0.0,Figure 6,PUR,500C,unknown,spray,abrasion,1.0,,top,coating,500C|PUR|unknown|spray|abrasion|1|sprayna,False
Figure 6/500C SP coatings_abrasion and tape tesing_wetting data/500C SP_Abrasion test cycle_2_wetting data.xlsx,d60a54441078a158dee20c35332fdfaca03fda82c2ad8511016d12b0da4dd1e4,152.56,1.4221262581742362,10,reported_CA_Stabw,2.2912677602786173,6.0,0.2,Figure 6,PUR,500C,unknown,spray,abrasion,2.0,,top,coating,500C|PUR|unknown|spray|abrasion|2|sprayna,False
Figure 6/500C SP coatings_abrasion and tape tesing_wetting data/500C SP_Abrasion test cycle_3_wetting data.xlsx,e75d5b8686babe69855db219ecf429a650301e0a7955a002684aa1d56beb4ce8,152.18,1.7702270210040854,10,reported_CA_Stabw,1.1120794075205993,8.0,0.6,Figure 6,PUR,500C,unknown,spray,abrasion,3.0,,top,coating,500C|PUR|unknown|spray|abrasion|3|sprayna,False
Figure 6/500C SP coatings_abrasion and tape tesing_wetting data/500C SP_Abrasion test cycle_4_wetting data.xlsx,b82603834e1a0c4c204f47a993bafcb012109589f4236ab53807e3e72fd72791,148.715,5.084734667031151,10,reported_CA_Stabw,,16.0,1.0,Figure 6,PUR,500C,unknown,spray,abrasion,4.0,,top,coating,500C|PUR|unknown|spray|abrasion|4|sprayna,False
Figure 6/500C SP coatings_abrasion and tape tesing_wetting data/500C SP_Abrasion test cycle_5_wetting data.xlsx,1c4fbbc5e504d37af77ed230ef69acdcaf2858c0e85f5892c067febc1088372b,147.89,2.7713487918726365,10,reported_CA_Stabw,,,1.0,Figure 6,PUR,500C,unknown,spray,abrasion,5.0,,top,coating,500C|PUR|unknown|spray|abrasion|5|sprayna,False
Figure 6/500C SP coatings_abrasion and tape tesing_wetting data/500C SP_Tape test cycle_0_wetting data.xlsx,389f53121557a26d8142adeaaa5a3d1e399a580785873e023568ad8d537bd0be,151.74,1.331339969203051,5,reported_CA_Stabw,0.4997710075667025,5.0,0.0,Figure 6,PUR,500C,unknown,spray,tape,0.0,,top,coating,500C|PUR|unknown|spray|tape|0|sprayna,False
Figure 6/500C SP coatings_abrasion and tape tesing_wetting data/500C SP_Tape test cycle_1_wetting data.xlsx,92cd15f655f4ade1e6dd7df7a2a8bd3cf9b6c95acd2d3d96acbfdbd461c9e3ca,151.74,1.33134,5,reported_CA_Stabw,4.411051373954592,6.0,0.1,Figure 6,PUR,500C,unknown,spray,tape,1.0,,top,coating,500C|PUR|unknown|spray|tape|1|sprayna,False
Figure 6/500C SP coatings_abrasion and tape tesing_wetting data/500C SP_Tape test cycle_2_wetting data.xlsx,70bc48e295a5ee695d8db3198281b1aadbdb1b6ac1f83263d96b2a0d1af1c148,151.1,1.184215007133,5,reported_CA_Stabw,1.0750256258824702,8.0,0.4,Figure 6,PUR,500C,unknown,spray,tape,2.0,,top,coating,500C|PUR|unknown|spray|tape|2|sprayna,False
Figure 6/500C SP coatings_abrasion and tape tesing_wetting data/500C SP_Tape test cycle_3_wetting data.xlsx,c1b0b1253f9df37181434eb487f3c6db04cb579d19b3e80109b399177402f7e1,148.07999999999998,2.5965336783040853,5,reported_CA_Stabw,,11.0,1.0,Figure 6,PUR,500C,unknown,spray,tape,3.0,,top,coating,500C|PUR|unknown|spray|tape|3|sprayna,False
Figure 6/500C SP coatings_abrasion and tape tesing_wetting data/500C SP_Tape test cycle_4_wetting data.xlsx,aafd07b9825d569007a5d96b70c3dc449bffae74132e9b3be874f84bf9ba045c,144.29000000000002,3.541498894978578,5,reported_CA_Stabw,,17.0,1.0,Figure 6,PUR,500C,unknown,spray,tape,4.0,,top,coating,500C|PUR|unknown|spray|tape|4|sprayna,False
Figure 6/500C SP coatings_abrasion and tape tesing_wetting data/500C SP_Tape test cycle_5_wetting data.xlsx,24bd7d3762159af3063d9bf9848b8942403d7e02c814b4b2fef699820adf4588,143.1,3.1570751664005843,5,reported_CA_Stabw,,,1.0,Figure 6,PUR,500C,unknown,spray,tape,5.0,,top,coating,500C|PUR|unknown|spray|tape|5|sprayna,False
Figure 6/900C SP coatings_abrasion and tape tesing_wetting data/Cycle 0/Abrasion.xlsx,e63e4db9a13ac29b6384f83eb212d6e33ad1aeadf52926c2609a9cd8c9e38ead,154.46,1.5111168224124754,10,reported_CA_Stabw,1.2123544657097227,5.0,0.0,Figure 6,PUR,900C,unknown,spray,abrasion,0.0,,top,coating,900C|PUR|unknown|spray|abrasion|0|sprayna,False
Figure 6/900C SP coatings_abrasion and tape tesing_wetting data/Cycle 0/Tape.xlsx,f26fad879658a0d5d2171526242c1fec4385ff4ced9a41ab4cab7c1292f40569,153.14999999999998,0.7598469541909326,5,reported_CA_Stabw,0.9322278062943118,5.0,0.0,Figure 6,PUR,900C,unknown,spray,tape,0.0,,top,coating,900C|PUR|unknown|spray|tape|0|sprayna,False
Figure 6/900C SP coatings_abrasion and tape tesing_wetting data/Cycle 1/Abrasion.xlsx,e14c8da4af0e67cb4fe17859a0608a47ab8793c92b9663e19a9dfe7e5abe8dd3,152.985,1.1504993576462381,10,reported_CA_Stabw,1.103155197336497,5.0,0.0,Figure 6,PUR,900C,unknown,spray,abrasion,1.0,,top,coating,900C|PUR|unknown|spray|abrasion|1|sprayna,False
Figure 6/900C SP coatings_abrasion and tape tesing_wetting data/Cycle 1/Tape.xlsx,20f9e42f97f8aa6b895765f607603b786df88f384324cd1fae028ace388378a2,152.85,2.4097574809095557,5,reported_CA_Stabw,1.9958266670031435,5.0,0.0,Figure 6,PUR,900C,unknown,spray,tape,1.0,,top,coating,900C|PUR|unknown|spray|tape|1|sprayna,False
Figure 6/900C SP coatings_abrasion and tape tesing_wetting data/Cycle 10/Abrasion.xlsx,3aa87752aa39f123d3723ed5ca12507b0267a3099864122c95380117f68df28b,137.985,4.8968713307593505,10,reported_CA_Stabw,,15.0,1.0,Figure 6,PUR,900C,unknown,spray,abrasion,10.0,,top,coating,900C|PUR|unknown|spray|abrasion|10|sprayna,False
Figure 6/900C SP coatings_abrasion and tape tesing_wetting data/Cycle 10/Tape.xlsx,4a38ae3e56f41f561c815b97a602179afb686166e4c51999d373f3e8d05f5214,148.11,1.6099222533754185,5,reported_CA_Stabw,,15.0,1.0,Figure 6,PUR,900C,unknown,spray,tape,10.0,,top,coating,900C|PUR|unknown|spray|tape|10|sprayna,False
Figure 6/900C SP coatings_abrasion and tape tesing_wetting data/Cycle 15/Abrasion.xlsx,1ee2d2e78bc72fccdf3f29573a9750f4aeefc5a0d49fc7592ba8d63048ac02eb,144.51,5.879710877245577,10,computed_static_replicates,,,1.0,Figure 6,PUR,900C,unknown,spray,abrasion,15.0,,top,coating,900C|PUR|unknown|spray|abrasion|15|sprayna,False
Figure 6/900C SP coatings_abrasion and tape tesing_wetting data/Cycle 15/Tape.xlsx,2ffef18a9a98087684a5abc9b3dcec6c88dd66ef59b3473071db1d1fdbd609d6,146.17,4.619740252438437,5,computed_static_replicates,,,1.0,Figure 6,PUR,900C,unknown,spray,tape,15.0,,top,coating,900C|PUR|unknown|spray|tape|15|sprayna,False
Figure 6/900C SP coatings_abrasion and tape tesing_wetting data/Cycle 2/Abrasion.xlsx,cfa87b0dfd17626b41f708e8235f1bd533cff86af55f0a05105fef901492dec6,154.47000000000003,1.5181818887535905,10,reported_CA_Stabw,0.8613890161309257,5.0,0.1,Figure 6,PUR,900C,unknown,spray,abrasion,2.0,,top,coating,900C|PUR|unknown|spray|abrasion|2|sprayna,False
Figure 6/900C SP coatings_abrasion and tape tesing_wetting data/Cycle 2/Tape.xlsx,9da9560a743311d8b8a68577edae78cd552ee9d689e076bc739eb3737685ecaa,155.3,1.3105570171002712,5,reported_CA_Stabw,0.837051767676788,6.0,0.2,Figure 6,PUR,900C,unknown,spray,tape,2.0,,top,coating,900C|PUR|unknown|spray|tape|2|sprayna,False
Figure 6/900C SP coatings_abrasion and tape tesing_wetting data/Cycle 20/Abrasion.xlsx,767cbaea2a7dca6ae1dd3b261471976589674ab3e0e285399db5ddbb0aea2c9f,148.41500000000002,5.641219824746338,10,computed_static_replicates,,,1.0,Figure 6,PUR,900C,unknown,spray,abrasion,20.0,,top,coating,900C|PUR|unknown|spray|abrasion|20|sprayna,False
Figure 6/900C SP coatings_abrasion and tape tesing_wetting data/Cycle 3/Abrasion.xlsx,6ab8ed479bcc918d04f30cbf6e0d3cacc5b6a64a1da1f93317c185cee98e1f46,154.825,1.9894327479948966,10,reported_CA_Stabw,1.0999159761706494,6.0,0.2,Figure 6,PUR,900C,unknown,spray,abrasion,3.0,,top,coating,900C|PUR|unknown|spray|abrasion|3|sprayna,False
Figure 6/900C SP coatings_abrasion and tape tesing_wetting data/Cycle 3/Tape.xlsx,911a95b53b4924eda48dded3b68693509f76845e7368b3decb660c03c6609130,151.63,1.5759943940096708,5,reported_CA_Stabw,3.7707333516157178,7.0,0.4,Figure 6,PUR,900C,unknown,spray,tape,3.0,,top,coating,900C|PUR|unknown|spray|tape|3|sprayna,False
Figure 6/900C SP coatings_abrasion and tape tesing_wetting data/Cycle 4/Abrasion.xlsx,984551cc123ec18c9310322ca763d533a7872dbf7bcb20b66a3b9985d7b3bf0b,140.27000000000004,4.1524136407051735,10,reported_CA_Stabw,,9.0,0.6,Figure 6,PUR,900C,unknown,spray,abrasion,4.0,,top,coating,900C|PUR|unknown|spray|abrasion|4|sprayna,False
Figure 6/900C SP coatings_abrasion and tape tesing_wetting data/Cycle 4/Tape.xlsx,682eb7f9a82a2fcb771fd33471a90f180610a5652a44d9a3c69d03feefa22b00,146.72,3.745986378082258,5,reported_CA_Stabw,,8.0,0.8,Figure 6,PUR,900C,unknown,spray,tape,4.0,,top,coating,900C|PUR|unknown|spray|tape|4|sprayna,False
Figure 6/900C SP coatings_abrasion and tape tesing_wetting data/Cycle 5/Abrasion.xlsx,98a789c7477142165120babafb431b2787f4e6523e4cc8299b7d0964a11f1583,134.03499999999997,12.899712879995544,10,reported_CA_Stabw,,10.0,1.0,Figure 6,PUR,900C,unknown,spray,abrasion,5.0,,top,coating,900C|PUR|unknown|spray|abrasion|5|sprayna,False
Figure 6/900C SP coatings_abrasion and tape tesing_wetting data/Cycle 5/Tape.xlsx,5614f49733e3a09169d47b022dd0355a5fb07e19d600f5dae6f274697e8d9ce8,145.95000000000002,9.676878986442961,5,reported_CA_Stabw,,10.0,1.0,Figure 6,PUR,900C,unknown,spray,tape,5.0,,top,coating,900C|PUR|unknown|spray|tape|5|sprayna,False
Figure 6/Binder SP_abrasion and tape testing_wetting data/Contact angle hysteresis_roll-off angle_pinning fraction.xlsx,389d5f73ce57a87d81793ccc33fec06680f0fbae8b770f456b2d8c15a6fb0fc3,,,0,computed_static_replicates,,5.111111111111111,0.11000000000000001,Figure 6,PUR,binder,unknown,spray,none,,,top,particle,binder|PUR|unknown|spray|none|na|sprayna,False
Figure 6/Unsintered SP coating_abrasion and tape tesing_wetting data/No calcination_Abrasion test cycle_0_wetting data.xlsx,f0c1d18ba13f08983f28bd8b35596001851cbe8203e2da59171c2f0bb11d1f44,154.34499999999997,1.8053000267120511,0,reported_CA_Stabw,0.3328235380904346,5.0,0.0,Figure 6,PUR,unsintered,unknown,spray,abrasion,0.0,,top,coating,unsintered|PUR|unknown|spray|abrasion|0|sprayna,False
Figure 6/Unsintered SP coating_abrasion and tape tesing_wetting data/No calcination_Abrasion test cycle_1_wetting data.xlsx,e54c204cd93420b4039aba03ef79a6ba074c43be0b62623d0739944cb87c86b2,151.34500000000003,2.3400533304376534,10,reported_CA_Stabw,1.2027125863229629,5.0,0.0,Figure 6,PUR,unsintered,unknown,spray,abrasion,1.0,,top,coating,unsintered|PUR|unknown|spray|abrasion|1|sprayna,False
Figure 6/Unsintered SP coating_abrasion and tape tesing_wetting data/No calcination_Abrasion test cycle_2_wetting data.xlsx,94cf37cef3595c9bec1098f9e42fe4162b02690f2a8106806f8cf75db3075dfb,148.08500000000004,1.7881011148949177,10,reported_CA_Stabw,,7.0,0.9,Figure 6,PUR,unsintered,unknown,spray,abrasion,2.0,,top,coating,unsintered|PUR|unknown|spray|abrasion|2|sprayna,False
Figure 6/Unsintered SP coating_abrasion and tape tesing_wetting data/No calcination_Abrasion test cycle_3_wetting data.xlsx,d43573b65ea0c4e6543e05979a989696c36559678d6a3bf299bb7222aee53a9b,146.05,1.8862081439050182,10,reported_CA_Stabw,,11.0,1.0,Figure 6,PUR,unsintered,unknown,spray,abrasion,3.0,,top,coating,unsintered|PUR|unknown|spray|abrasion|3|sprayna,False
Figure 6/Unsintered SP coating_abrasion and tape tesing_wetting data/No calcination_Abrasion test cycle_4_wetting data.xlsx,b73f4e8469491f4282fbb61d102ec00e528ca167937bacbee3fc1aa9b9c6cd48,145.08,1.4661708674394736,10,reported_CA_Stabw,,19.0,1.0,Figure 6,PUR,unsintered,unknown,spray,abrasion,4.0,,top,coating,unsintered|PUR|unknown|spray|abrasion|4|sprayna,False
Figure 6/Unsintered SP coating_abrasion and tape tesing_wetting data/No calcination_Abrasion test cycle_5_wetting data.xlsx,c88c63957a4d22d4c9d4f59a9d24c9571dc6771bd03ec77f3cfc102467c21d32,144.29444444444448,1.2992978150314745,10,reported_CA_Stabw,,,1.0,Figure 6,PUR,unsintered,unknown,spray,abrasion,5.0,,top,coating,unsintered|PUR|unknown|spray|abrasion|5|sprayna,False
Figure 6/Unsintered SP coating_abrasion and tape tesing_wetting data/No calcination_Tape test cycle_0_wetting data.xlsx,71c02f3040355587b287e0c672cf4ea3c06a698d99a89350d54f2fca75a58ff6,152.17000000000002,1.2515044585804942,5,reported_CA_Stabw,1.1329184472934533,5.0,0.0,Figure 6,PUR,unsintered,unknown,spray,tape,0.0,,top,coating,unsintered|PUR|unknown|spray|tape|0|sprayna,False
Figure 6/Unsintered SP coating_abrasion and tape tesing_wetting data/No calcination_Tape test cycle_1_wetting data.xlsx,29129f60a63dfc12e19d7f7a112c32ac14f82bda15f3e551e7e2492998fc29e5,150.79,1.0170539891745995,5,reported_CA_Stabw,1.4914853395061887,8.0,0.3,Figure 6,PUR,unsintered,unknown,spray,tape,1.0,,top,coating,unsintered|PUR|unknown|spray|tape|1|sprayna,False
Figure 6/Unsintered SP coating_abrasion and tape tesing_wetting data/No calcination_Tape test cycle_2_wetting data.xlsx,4034762186b9086739abe24141e30f36fc85178ce07b234af758805886f6c823,143.62,4.841322460107595,5,reported_CA_Stabw,,9.0,1.0,Figure 6,PUR,unsintered,unknown,spray,tape,2.0,,top,coating,unsintered|PUR|unknown|spray|tape|2|sprayna,False
Figure 6/Unsintered SP coating_abrasion and tape tesing_wetting data/No calcination_Tape test cycle_3_wetting data.xlsx,e9f5435f86e0120a4c9a3f74ae456d41d9c2114210bc4409811cc071d0f2c908,140.81,10.347874177566464,5,reported_CA_Stabw,,13.0,1.0,Figure 6,PUR,unsintered,unknown,spray,tape,3.0,,top,coating,unsintered|PUR|unknown|spray|tape|3|sprayna,False
Figure 6/Unsintered SP coating_abrasion and tape tesing_wetting data/No calcination_Tape test cycle_4_wetting data.xlsx,1b5fd99a58f1fb59e837c5885e8d9eab7a94d65622f59c6c708038cd97d09fbc,140.52000000000004,9.247219404467879,5,reported_CA_Stabw,,18.0,1.0,Figure 6,PUR,unsintered,unknown,spray,tape,4.0,,top,coating,unsintered|PUR|unknown|spray|tape|4|sprayna,False
Figure 6/Unsintered SP coating_abrasion and tape tesing_wetting data/No calcination_Tape test cycle_5_wetting data.xlsx,b99cdd364957286874c5f5c4be1cb04a25a3509eec0b0934133173dacede130f,142.17,5.434279598433918,5,reported_CA_Stabw,,,1.0,Figure 6,PUR,unsintered,unknown,spray,tape,5.0,,top,coating,unsintered|PUR|unknown|spray|tape|5|sprayna,False
Supplementary Figure S4/Contact angle_ hysteresis_roll-off angle_Dip coating.xlsx,c3bce26f7213d3650f7e919f329d0263a834d1b6dab6a42b7cec7658c6f036b0,153.45999999999998,0.8191183766730481,5,reported_CA_Stabw,2.0797338935574126,5.0,,Supplementary Figure S4,unknown,base,unknown,dip,none,,,top,coating,base|unknown|unknown|dip|none|na|sprayna,False
Supplementary Figure S7/Sieved SP contact angle and pinning fraction_PUR.xlsx,a948c4f11946b8ef7859a6f1a5e9ca00e84c78e052bfbad35da86220fe954201,150.04000000000002,0.8378926809162289,5,reported_CA_Stabw,,,1.0,Supplementary Figure S7,PUR,base,sieved,spray,none,,,top,particle,base|PUR|sieved|spray|none|na|sprayna,False
Supplementary Figure S7/Unsieved SP contact angle_hysteresis_ pinning fraction_PUR.xlsx,c224e763ad62ac1d87fac4d7517463dba1a605767053c5c81ac39e1251616160,153.14999999999998,0.7598469541909326,5,reported_CA_Stabw,0.9322278062943118,5.0,0.0,Supplementary Figure S7,PUR,base,unsieved,spray,none,,,top,particle,base|PUR|unsieved|spray|none|na|sprayna,False
